Id,Label,indegree,outdegree,Degree,clustering,modularity_class,Eccentricity,closnesscentrality,harmonicclosnesscentrality,betweenesscentrality,componentnumber,strongcompnum
92130514,92130514,1,1,2,0,0,3,0.5,0.547619,0,0,0
27404818,27404818,6,6,12,0.133333,0,2,0.875,0.928571,31,0,0
30545263,30545263,4,4,8,0.333333,1,2,0.7,0.785714,13,0,0
50852457,50852457,1,1,2,0,0,3,0.5,0.547619,0,0,0
359366822,359366822,2,2,4,1,0,2,0.583333,0.642857,0,0,0
152671413,152671413,2,2,4,1,1,2,0.583333,0.642857,0,0,0
152571711,152571711,1,1,2,0,0,3,0.5,0.547619,0,0,0
17786501,17786501,1,1,2,0,1,3,0.4375,0.5,0,0,0
